idx,url
0,https://n.news.naver.com/mnews/hotissue/article/366/0000997258?type=series&cid=1087841
1,https://n.news.naver.com/mnews/hotissue/article/366/0000997255?type=series&cid=1087841
2,https://n.news.naver.com/mnews/hotissue/article/366/0000997254?type=series&cid=1087841
3,https://n.news.naver.com/mnews/hotissue/article/366/0000997253?type=series&cid=1087841
4,https://n.news.naver.com/mnews/hotissue/article/366/0000997252?type=series&cid=1087841
5,https://n.news.naver.com/mnews/hotissue/article/366/0000997251?type=series&cid=1087841
6,https://n.news.naver.com/mnews/hotissue/article/366/0000997250?type=series&cid=1087841
7,https://n.news.naver.com/mnews/hotissue/article/366/0000997249?type=series&cid=1087841
8,https://n.news.naver.com/mnews/hotissue/article/366/0000997248?type=series&cid=1087841
9,https://n.news.naver.com/mnews/hotissue/article/366/0000997247?type=series&cid=1087841
10,https://n.news.naver.com/mnews/hotissue/article/366/0000997246?type=series&cid=1087841
11,https://n.news.naver.com/mnews/hotissue/article/366/0000997245?type=series&cid=1087841
12,https://n.news.naver.com/mnews/hotissue/article/366/0000997244?type=series&cid=1087841
13,https://n.news.naver.com/mnews/hotissue/article/366/0000997243?type=series&cid=1087841
14,https://n.news.naver.com/mnews/hotissue/article/366/0000997242?type=series&cid=1087841
15,https://n.news.naver.com/mnews/hotissue/article/366/0000997241?type=series&cid=1087841
16,https://n.news.naver.com/mnews/hotissue/article/366/0000997240?type=series&cid=1087841
17,https://n.news.naver.com/mnews/hotissue/article/366/0000997239?type=series&cid=1087841
18,https://n.news.naver.com/mnews/hotissue/article/366/0000997238?type=series&cid=1087841
19,https://n.news.naver.com/mnews/hotissue/article/366/0000997237?type=series&cid=1087841
20,https://n.news.naver.com/mnews/hotissue/article/366/0000997236?type=series&cid=1087841
21,https://n.news.naver.com/mnews/hotissue/article/366/0000997235?type=series&cid=1087841
22,https://n.news.naver.com/mnews/hotissue/article/366/0000997234?type=series&cid=1087841
23,https://n.news.naver.com/mnews/hotissue/article/366/0000997233?type=series&cid=1087841
24,https://n.news.naver.com/mnews/hotissue/article/366/0000997232?type=series&cid=1087841
25,https://n.news.naver.com/mnews/hotissue/article/366/0000997231?type=series&cid=1087841
26,https://n.news.naver.com/mnews/hotissue/article/366/0000997230?type=series&cid=1087841
27,https://n.news.naver.com/mnews/hotissue/article/366/0000997229?type=series&cid=1087841
28,https://n.news.naver.com/mnews/hotissue/article/366/0000997228?type=series&cid=1087841
29,https://n.news.naver.com/mnews/hotissue/article/366/0000997227?type=series&cid=1087841
30,https://n.news.naver.com/mnews/hotissue/article/366/0000997226?type=series&cid=1087841
31,https://n.news.naver.com/mnews/hotissue/article/366/0000997225?type=series&cid=1087841
32,https://n.news.naver.com/mnews/hotissue/article/366/0000997224?type=series&cid=1087841
33,https://n.news.naver.com/mnews/hotissue/article/366/0000997223?type=series&cid=1087841
34,https://n.news.naver.com/mnews/hotissue/article/366/0000997222?type=series&cid=1087841
35,https://n.news.naver.com/mnews/hotissue/article/366/0000997221?type=series&cid=1087841
36,https://n.news.naver.com/mnews/hotissue/article/366/0000997220?type=series&cid=1087841
37,https://n.news.naver.com/mnews/hotissue/article/366/0000997219?type=series&cid=1087841
38,https://n.news.naver.com/mnews/hotissue/article/366/0000997218?type=series&cid=1087841
39,https://n.news.naver.com/mnews/hotissue/article/366/0000997217?type=series&cid=1087841
40,https://n.news.naver.com/mnews/hotissue/article/366/0000997216?type=series&cid=1087841
41,https://n.news.naver.com/mnews/hotissue/article/366/0000997215?type=series&cid=1087841
42,https://n.news.naver.com/mnews/hotissue/article/366/0000997214?type=series&cid=1087841
43,https://n.news.naver.com/mnews/hotissue/article/366/0000997213?type=series&cid=1087841
44,https://n.news.naver.com/mnews/hotissue/article/366/0000997212?type=series&cid=1087841
45,https://n.news.naver.com/mnews/hotissue/article/366/0000997211?type=series&cid=1087841
46,https://n.news.naver.com/mnews/hotissue/article/366/0000997210?type=series&cid=1087841
47,https://n.news.naver.com/mnews/hotissue/article/366/0000997209?type=series&cid=1087841
48,https://n.news.naver.com/mnews/hotissue/article/366/0000997208?type=series&cid=1087841
49,https://n.news.naver.com/mnews/hotissue/article/366/0000997207?type=series&cid=1087841
50,https://n.news.naver.com/mnews/hotissue/article/366/0000997206?type=series&cid=1087841
51,https://n.news.naver.com/mnews/hotissue/article/366/0000997205?type=series&cid=1087841
52,https://n.news.naver.com/mnews/hotissue/article/366/0000997204?type=series&cid=1087841
53,https://n.news.naver.com/mnews/hotissue/article/366/0000997203?type=series&cid=1087841
54,https://n.news.naver.com/mnews/hotissue/article/366/0000997202?type=series&cid=1087841
55,https://n.news.naver.com/mnews/hotissue/article/366/0000997201?type=series&cid=1087841
56,https://n.news.naver.com/mnews/hotissue/article/366/0000997200?type=series&cid=1087841
57,https://n.news.naver.com/mnews/hotissue/article/366/0000997199?type=series&cid=1087841
58,https://n.news.naver.com/mnews/hotissue/article/366/0000997198?type=series&cid=1087841
59,https://n.news.naver.com/mnews/hotissue/article/366/0000997197?type=series&cid=1087841
60,https://n.news.naver.com/mnews/hotissue/article/366/0000997196?type=series&cid=1087841
61,https://n.news.naver.com/mnews/hotissue/article/366/0000997195?type=series&cid=1087841
62,https://n.news.naver.com/mnews/hotissue/article/366/0000997194?type=series&cid=1087841
63,https://n.news.naver.com/mnews/hotissue/article/366/0000997193?type=series&cid=1087841
64,https://n.news.naver.com/mnews/hotissue/article/366/0000997192?type=series&cid=1087841
65,https://n.news.naver.com/mnews/hotissue/article/366/0000997191?type=series&cid=1087841
66,https://n.news.naver.com/mnews/hotissue/article/366/0000997190?type=series&cid=1087841
67,https://n.news.naver.com/mnews/hotissue/article/366/0000997189?type=series&cid=1087841
68,https://n.news.naver.com/mnews/hotissue/article/366/0000997188?type=series&cid=1087841
69,https://n.news.naver.com/mnews/hotissue/article/366/0000997187?type=series&cid=1087841
70,https://n.news.naver.com/mnews/hotissue/article/366/0000997186?type=series&cid=1087841
71,https://n.news.naver.com/mnews/hotissue/article/366/0000997185?type=series&cid=1087841
72,https://n.news.naver.com/mnews/hotissue/article/366/0000997184?type=series&cid=1087841
73,https://n.news.naver.com/mnews/hotissue/article/366/0000997183?type=series&cid=1087841
74,https://n.news.naver.com/mnews/hotissue/article/366/0000997182?type=series&cid=1087841
75,https://n.news.naver.com/mnews/hotissue/article/366/0000997181?type=series&cid=1087841
76,https://n.news.naver.com/mnews/hotissue/article/366/0000997180?type=series&cid=1087841
77,https://n.news.naver.com/mnews/hotissue/article/366/0000997179?type=series&cid=1087841
78,https://n.news.naver.com/mnews/hotissue/article/366/0000997178?type=series&cid=1087841
79,https://n.news.naver.com/mnews/hotissue/article/366/0000997177?type=series&cid=1087841
80,https://n.news.naver.com/mnews/hotissue/article/366/0000997176?type=series&cid=1087841
81,https://n.news.naver.com/mnews/hotissue/article/366/0000997175?type=series&cid=1087841
82,https://n.news.naver.com/mnews/hotissue/article/366/0000997174?type=series&cid=1087841
83,https://n.news.naver.com/mnews/hotissue/article/366/0000997173?type=series&cid=1087841
84,https://n.news.naver.com/mnews/hotissue/article/366/0000997172?type=series&cid=1087841
85,https://n.news.naver.com/mnews/hotissue/article/366/0000997171?type=series&cid=1087841
86,https://n.news.naver.com/mnews/hotissue/article/366/0000997170?type=series&cid=1087841
87,https://n.news.naver.com/mnews/hotissue/article/366/0000997169?type=series&cid=1087841
88,https://n.news.naver.com/mnews/hotissue/article/366/0000997168?type=series&cid=1087841
89,https://n.news.naver.com/mnews/hotissue/article/366/0000997167?type=series&cid=1087841
90,https://n.news.naver.com/mnews/hotissue/article/366/0000997166?type=series&cid=1087841
91,https://n.news.naver.com/mnews/hotissue/article/366/0000997165?type=series&cid=1087841
92,https://n.news.naver.com/mnews/hotissue/article/366/0000997164?type=series&cid=1087841
93,https://n.news.naver.com/mnews/hotissue/article/366/0000997163?type=series&cid=1087841
94,https://n.news.naver.com/mnews/hotissue/article/366/0000997162?type=series&cid=1087841
95,https://n.news.naver.com/mnews/hotissue/article/366/0000997161?type=series&cid=1087841
96,https://n.news.naver.com/mnews/hotissue/article/366/0000997160?type=series&cid=1087841
97,https://n.news.naver.com/mnews/hotissue/article/366/0000997159?type=series&cid=1087841
98,https://n.news.naver.com/mnews/hotissue/article/366/0000997158?type=series&cid=1087841
99,https://n.news.naver.com/mnews/hotissue/article/366/0000997157?type=series&cid=1087841